{
    "Loss": 18.743898391723633,
    "Accuracy": 0.6734231114387512
}