{
    "Loss": 2.1219515800476074,
    "Accuracy": 0.8324886560440063
}